category_id,name,image_url
1,Pop! Vinyl Pop! Television,
2,Mystery Minis  Villains & Companions,
3,Pop! Vinyl Pop! Disney,
4,Vinyl  Disney,
5,Pop! Vinyl Pop! Movies,
6,Mystery Minis  Heroes vs Villains,
7,Other Funko Lines  Disney Treasures,
8,Pop! Vinyl Pop! Holidays,
9,Wacky Wobbler  Holiday,
10,Action Figures  Horror Classics,
11,Dorbz Horror,
12,Mystery Minis  Series 1,
13,Mystery Minis  Series 3,
14,Mystery Vinyl  Horror,
15,Other POP! Items  Horror Movies,
16,Other POP! Items  Pop! Tees,
17,Plush Horror Plushies,
18,Plush  Horror,
19,Plush  Horror Classics,
20,Pocket Pop!  Horror,
21,Pop! Vinyl  Tins,
22,Pop! Vinyl Pop! Freddy Funko,
23,Vinyl Vynl,
24,Wacky Wobbler  Horror,
25,Wacky Wobbler  Ad Icons,
26,Wacky Wobbler  Pez,
27,Pop! Vinyl Pop! Rides,
28,Pop! Vinyl Pop! Animation,
29,Dorbz  Adventure Time,
30,Mystery Vinyl  Adventure Time,
31,Other Funko Lines TinTastics,
32,Pocket Pop!  Adventure Time,
33,Pop! Vinyl  Blister Packs,
34,Dorbz Disney,
35,Dorbz Dorbz Ridez,
36,Mystery Minis  Princess & Companions,
37,Mystery Vinyl  Disney,
38,Other POP! Items  Disney,
39,Plush  Disney,
40,Pocket Pop!  Disney,
41,Mystery Minis  Alice Through the Looking Glass,
42,Mystery Minis  SDCC,
43,Mystery Minis  Series 2,
44,Wacky Wobbler  Alice in Wonderland,
45,Action Figures  Alien,
46,Action Figures  Aliens,
47,Mystery Vinyl  Science Fiction,
48,Pocket Pop!  Other,
49,Vinyl  Movies,
50,Pop! Vinyl Pop! Asia,
51,Vinyl  American Psycho,
52,Wacky Wobbler  Movies,
53,Other Funko Lines Bookmarks,
54,Wacky Wobblers  Angry Birds,
55,Action Figures  Arrow,
56,Dorbz DC Comics,
57,Other POP! Items Pop! Pins,
58,Pocket Pop!  DC Comics,
59,Pop! Tees & Apparel  DC Comics,
60,Dorbz  Assassins Creed,
61,Pop! Vinyl Pop! Games,
62,Hikari Astro Boy,
63,Mystery Minis  Best of Anime: Series 1,
64,Pocket Pop!  Anime,
65,Pop! Vinyl Pop! Rocks,
66,Action Figures  Back to the Future,
67,Dorbz  Back to the Future,
68,Pocket Pop!  Back to the Future,
69,Vinyl  Back to the Future,
70,Other Funko Lines  Disney,
71,Plush Bananya,
72,Vinyl Bananya,
73,Mystery Vinyl  Barbie,
74,Vinyl  Barbie,
75,Articulated Action Figures  Batman (Classic TV),
76,Articulated Action Figures  Suicide Squad,
77,Dorbz Dorbz XL,
78,Dorbz Mega Dorbz,
79,Electronics Lamps,
80,Hikari DC Comics,
81,Mystery Minis  Batman Vs Superman,
82,Mystery Minis  Domo,
83,Mystery Minis  Justice League,
84,Mystery Minis  Series 1 - DC Universe,
85,Mystery Minis  Series 2 - DC Super Heroes,
86,Mystery Minis  Series 3 - Super Heroes & Pets,
87,Mystery Minis  Vintage Collection Batman,
88,Mystery Vinyl  DC Comics,
89,Mystery Vinyl  Arkham Games,
90,Mystery Vinyl  Teen Titans GO!,
91,Mystery Vinyl  Batman,
92,Other Funko Lines  Playsets,
93,Other Funko Lines  Singles,
94,Other Funko Lines Games,
95,Other Funko Lines  Legion of Collectors,
96,Other POP! Items Pop! Bookmarks,
97,Other POP! Items  DC Comics,
98,Other POP! Items  Party Lights,
99,Other POP! Items  Salt & Pepper Shakers,
100,Plush Fabrikations,
101,Plush  DC,
102,Plush  DC Comics,
103,Plush Pop! Plush,
104,Pop! Home  DC Comics,
105,Pop! Vinyl Miscellaneous Pops,
106,Pop! Vinyl Pop! 8-Bit,
107,Pop! Vinyl Pop! Conan,
108,Pop! Vinyl Pop! Giant,
109,Pop! Vinyl Pop! Heroes,
110,Pop! Vinyl Pop! Minis,
111,Vinyl Blox,
112,Vinyl  DC Comics,
113,Vinyl Retro Freddy,
114,Vinyl Super Deluxe Vinyl,
115,Vinyl Vinyl Cubed,
116,Vinyl  Batman Classic TV Series,
117,Vinyl  Batman Vs Superman,
118,Vinyl Vinyl Invaders,
119,Wacky Wobbler 20-Inch & Larger Wobblers,
120,Wacky Wobbler Bobble Breeze,
121,Wacky Wobbler  DC Comics,
122,Wacky Wobbler Computer Sitter,
123,Wacky Wobbler Wisecracks,
124,Mystery Minis  Beauty and the Beast,
125,Pop! Tees & Apparel  Disney,
126,Plush  Beavis and Butt-Head,
127,Vinyl Other,
128,Wacky Wobblers  Beavis and Butt-Head,
129,Wacky Wobblers  Ben 10,
130,Plush  Others,
131,Vinyl Funkovision,
132,Wacky Wobbler Bobble Banks,
133,Wacky Wobbler  Animation,
134,Wacky Wobbler  Betty Boop,
135,Wacky Wobbler Triple Treats,
136,Electronics USB Drives,
137,Mystery Vinyl  Big Bang Theory,
138,Wacky Wobbler  Big Bang Theory,
139,Wacky Wobbler  The Big Bang Theory,
140,Pop! Vinyl Pop! Ad Icons,
141,Vinyl Coin Banks,
142,Wacky Wobbler  Freddy Funko,
143,Vinyl  Big Lebowski,
144,Action Figures  Big Trouble in Little China,
145,Dorbz  Bioshock,
146,Dorbz Movies,
147,Mystery Minis  Shonen Jump,
148,Dorbz  Bobs Burgers,
149,Pocket Pop!  Bobs Burgers,
150,Action Figures  The Book of Life,
151,Action Figures  The Boondock Saints,
152,Pocket Pop!  Video Games,
153,Vinyl  Video Games,
154,Pocket Pop!  Bravest Warriors,
155,Action Figures  Breaking Bad,
156,Vinyl  Breaking Bad,
157,Action Figures  Buffy the Vampire Slayer,
158,Vinyl  Television,
159,Vinyl  Ads,
160,Pop! Vinyl Pop! The Vote,
161,Vinyl Garbage Pail Kids,
162,Wacky Wobbler  Music,
163,Wacky Wobblers  Entertainment,
164,Wacky Wobblers  Politics,
165,Wacky Wobblers  Orange County Choppers,
166,Dorbz Dr. Seuss,
167,Dorbz Game of Thrones,
168,Dorbz Marvel,
169,Dorbz Masters of the Universe,
170,Dorbz  Despicable Me,
171,Dorbz  Donnie Darko,
172,Dorbz  Ghostbusters,
173,Dorbz  Pirates of the Caribbean,
174,Dorbz  Shaun of the Dead,
175,Dorbz Television,
176,Dorbz  Futurama,
177,Dorbz  Looney Tunes,
178,Dorbz  Naruto,
179,Dorbz  Power Rangers,
180,Dorbz  Supernatural,
181,Dorbz  Teen Titans,
182,Dorbz  The Walking Dead,
183,Dorbz  Fallout,
184,Other POP! Items  Marvel,
185,Pop! Vinyl Pop! Comics,
186,Pop! Vinyl Pop! Marvel,
187,Pop! Vinyl Pop! My Little Pony,
188,Pop! Vinyl Pop! South Park,
189,Pop! Vinyl Pop! Star Wars,
190,Pop! Vinyl Pop! WWE,
191,Vinyl  Hanna-Barbera,
192,Vinyl Shopkins,
193,Vinyl Spastik Plastik,
194,Wacky Wobbler  Marvel,
195,Wacky Wobbler  Nightmare Before Christmas,
196,Wacky Wobbler  Star Wars,
197,Wacky Wobbler  The Wizard of Oz,
198,Wacky Wobbler  Transformers,
199,Pop! Vinyl Pop! Classics,
200,Vinyl  A Clockwork Orange,
201,Action Figures  Dark Crystal,
202,Action Figures  The Flash,
203,Articulated Action Figures  First Appearance,
204,Articulated Action Figures  Other,
205,Mystery Minis  Suicide Squad,
206,Mystery Vinyl  DC Legion of Collectors,
207,Other Funko Lines  DC Comics,
208,Other POP! Items  Suicide Squad,
209,Plush  Teen Titans GO!,
210,Vinyl  Suicide Squad,
211,Vinyl Vinyl Vixens,
212,Other Funko Lines  Marvel,
213,Plush  Marvel,
214,Pocket Pop!  Marvel,
215,Pop! Home  Marvel,
216,Pop! Tees & Apparel  Marvel,
217,Mystery Minis  Despicable Me,
218,Mystery Minis  Minions,
219,Mystery Vinyl  Despicable Me / Minions,
220,Mystery Vinyl  Despicable Me 3,
221,Pocket Pop!  Despicable Me,
222,Mystery Vinyl  Blizzard: Heroes of the Storm,
223,Vinyl Diary of a Wimpy Kid,
224,Mystery Vinyl  Retro Video Games,
225,Mystery Minis  Best of Bethesda,
226,Mystery Minis  Specials,
227,Dorbz Nightmare Before Christmas,
228,Hikari Disney,
229,Mystery Minis  Finding Dory,
230,Mystery Minis  Moana,
231,Mystery Vinyl  Nightmare Before Christmas,
232,Other Funko Lines Lanyards,
233,Pint Size Heroes  Snow White,
234,Wacky Wobbler  Disney,
235,Pocket Pop!  Doctor Who,
236,Vinyl  Doctor Who,
237,Wacky Wobblers  Doctor Who,
238,Vinyl  Dodgeball,
239,Mystery Vinyl  Dr. Seuss,
240,Other POP! Items  Dr. Seuss,
241,Pocket Pop!  Books,
242,Pop! Vinyl Pop! Books,
243,Wacky Wobbler  Other,
244,Vinyl Fantastik Plastik,
245,Wacky Wobbler  Duck Dynasty,
246,Wacky Wobblers  Duck Dynasty,
247,Action Figures  E.T. The Extra Terrestrial,
248,Dorbz Funko Originals,
249,Wacky Wobbler Nodniks,
250,Wacky Wobbler  Rat Fink,
251,Action Figures  The Elder Scrolls,
252,Dorbz  Skyrim,
253,Plush  Holidays,
254,Action Figures  Escape From New York,
255,Action Figures  Evolve,
256,Action Figures  Fallout,
257,Mystery Minis  Fallout,
258,Mystery Minis  Fallout 4,
259,Wacky Wobbler  Family Guy,
260,Pocket Pop!  Fantastic Beasts,
261,Pop! Vinyl Pop! Fantastic Beasts,
262,Action Figures  Fantastic Mr. Fox,
263,Vinyl  Fast Times at Ridgemont High,
264,Action Figures  The Fifth Element,
265,Action Figures  Fight Club,
266,Action Figures  Firefly,
267,Action Figures  Five Nights at Freddys,
268,Mystery Minis  Series 1.5 Nightvision (Glow in the Dark),
269,Mystery Minis  Series 2 (Sister Location),
270,Mystery Vinyl  Five Nights at Freddys,
271,Other Funko Lines  Five Nights at Freddys,
272,Other POP! Items  Five Nights at Freddys,
273,Pint Size Heroes  Sister Location,
274,Plush Five Nights at Freddys,
275,Plush MyMoji,
276,Pop! Tees & Apparel  Five Nights at Freddys,
277,Vinyl Five Nights At Freddys,
278,Dorbz  Flash Gordon,
279,Vinyl Cartoon Classics,
280,Wacky Wobbler  Cartoon Network,
281,Dorbz Freddy Funko,
282,Hikari Freddy,
283,Mystery Vinyl  Freddy Funko,
284,Other Funko Lines  Funko,
285,Other Funko Lines Promotional Items,
286,Other POP! Items Pop! Flair,
287,Other POP! Items  Funko Shop Apparel,
288,Pop! Vinyl Pop! Zodiac,
289,Wacky Wobbler  Funko Originals,
290,Wacky Wobbler  Funko,
291,Mystery Minis  Frozen,
292,Pop! Vinyl  Singles,
293,Action Figures  Playsets,
294,Other Funko Lines Miscellaneous,
295,Other POP! Items Pop! Books,
296,Pop! Vinyl Pop! Funko,
297,Pop! Vinyl Pop! Monsters,
298,Vinyl Peek-a-Boo Pop-Ups,
299,Wacky Wobbler  Television - Live Action,
300,Wacky Wobblers  Felix the Cat,
301,Plush  Futurama,
302,Wacky Wobbler  Futurama,
303,Wacky Wobbler  G.I. Joe,
304,Action Figures  Game of Thrones,
305,Hikari Game of Thrones,
306,Mystery Minis  In Memoriam,
307,Other Funko Lines  Other,
308,Pocket Pop!  Game of Thrones,
309,Pop! Vinyl Pop! Game of Thrones,
310,Mystery Vinyl  Gears of War,
311,Pocket Pop!  Gears of War,
312,Dorbz Ad Icons,
313,Hikari General Mills,
314,Plush  Ad Icons,
315,Hikari Ghostbusters,
316,Mystery Vinyl  Ghostbusters,
317,Plush  Ghostbusters,
318,Pocket Pop!  Ghostbusters,
319,Vinyl  Ghostbusters,
320,Hikari Gigantor,
321,Hikari Godzilla,
322,Action Figures  Golden Girls,
323,Action Figures  The Goonies,
324,Other Funko Lines Handy Dandy,
325,Action Figures  Gremlins,
326,Hikari Marvel,
327,Mystery Minis  Guardians of the Galaxy,
328,Mystery Vinyl  Marvel,
329,Mystery Vinyl  Guardians of the Galaxy Vol. 2,
330,Vinyl  Marvel,
331,Wacky Wobbler  H.P Lovecraft,
332,Pop! Vinyl Pop! Halo,
333,Vinyl  Halo,
334,Wacky Wobblers  Halo,
335,Wacky Wobbler  Movies & TV,
336,Dorbz  Hanna-Barbera,
337,Hikari Hanna-Barbera,
338,Other POP! Items POP! Soda,
339,Other POP! Items  Boxed Shirts,
340,Wacky Wobbler  Hanna-Barbera,
341,Wacky Wobblers  Happy Tree Friends,
342,Other POP! Items  Harry Potter,
343,Plush  Harry Potter,
344,Pocket Pop!  Harry Potter,
345,Pop! Vinyl Pop! Harry Potter,
346,Vinyl  Harry Potter,
347,Plush  Lord of the Rings,
348,Wacky Wobbler  Lord of the Rings,
349,Dorbz  Hot Fuzz,
350,Vinyl  Hot Fuzz,
351,Wacky Wobblers  How I Met Your Mother,
352,Mystery Vinyl  How To Train Your Dragon,
353,Mystery Minis  Inside Out,
354,Pocket Pop!  Invader Zim,
355,Action Figures  Jaws,
356,Wacky Wobblers  Rocky and Bullwinkle,
357,Wacky Wobblers  Jersey Shore,
358,Hikari Mindstyle,
359,Action Figures  The Karate Kid,
360,Plush  Music,
361,Vinyl Hello Kitty,
362,Plush  Kleptocats,
363,Wacky Wobblers  Land of the Lost,
364,Action Figures  League of Legends,
365,Mystery Vinyl  League Of Legends,
366,Pocket Pop!  League of Legends,
367,Pop! Vinyl Pop! League of Legends,
368,Vinyl League of Legends,
369,Pocket Pop!  Lord of the Rings,
370,Wacky Wobbler  Lost in Space,
371,Action Figures  Magic The Gathering,
372,Pop! Vinyl Pop! Magic,
373,Pocket Pop!  Athletes,
374,Pop! Vinyl Pop! Sci-Fi,
375,Mystery Minis  Ant-Man,
376,Mystery Minis  Avengers: Age of Ultron,
377,Mystery Minis  Civil War,
378,Mystery Minis  Spider-Man,
379,Mystery Minis  Thor: Ragnarok,
380,Mystery Minis  X-Men,
381,Mystery Vinyl  Marvel Collector Corps,
382,Mystery Vinyl  Spider-Man,
383,Other Funko Lines  Marvel Collector Corps,
384,Pint Size Heroes  Homecoming,
385,Hikari Masters of the Universe,
386,Wacky Wobbler  Masters of the Universe,
387,Dorbz  Mega Man,
388,Mystery Vinyl  Mega Man,
389,Hikari Mighty Morphin Power Rangers,
390,Mystery Vinyl  Mighty Morphin Power Rangers,
391,Other POP! Items  Power Rangers,
392,Other POP! Items  POP! and Pint Pack,
393,Plush  Mighty Morphin Power Rangers,
394,Pocket Pop!  Power Rangers,
395,Pop! Vinyl Pop! MLB,
396,Vinyl  Monster High,
397,Wacky Wobblers  Mortal Kombat,
398,Vinyl Munchkin,
399,Wacky Wobblers  Munsters,
400,Pop! Vinyl Pop! Muppets,
401,Wacky Wobbler  Muppets,
402,Electronics Headphones,
403,Vinyl  Rock Legends,
404,Vinyl Urban Vinyl,
405,Hikari My Little Pony,
406,Mystery Minis  Power Ponies,
407,Mystery Vinyl  My Little Pony,
408,Pocket Pop!  My Little Pony,
409,Vinyl  My Little Pony,
410,Vinyl My Little Pony,
411,Vinyl  Napoleon Dynamite,
412,Other POP! Items  Naruto,
413,Pop! Tees & Apparel  Naruto,
414,Vinyl  National Lampoon,
415,Pop! Vinyl Pop! Sports,
416,Mystery Vinyl  NFL,
417,Pocket Pop!  NFL,
418,Pop! Vinyl Pop! Football,
419,Wacky Wobbler  NFL,
420,Pop! Vinyl Pop! Hockey,
421,Action Figures  The Nightmare Before Christmas,
422,Hikari Patrick Ballesteros,
423,Pocket Pop!  Peanuts,
424,Pop! Home  Peanuts,
425,Wacky Wobbler  Peanuts,
426,Mystery Vinyl  Pocket Gods,
427,Vinyl Pocket God,
428,Wacky Wobblers  Popeye,
429,Action Figures  Predator,
430,Hikari Predator,
431,Action Figures  Pulp Fiction,
432,Action Figures  Rick & Morty,
433,Mystery Vinyl  Rick and Morty,
434,Mystery Vinyl  Rick & Morty,
435,Other Funko Lines Roleplay,
436,Other POP! Items  Rick and Morty,
437,Plush  Rick and Morty,
438,Pocket Pop!  Rick and Morty,
439,Action Figures  The Rocketeer,
440,Action Figures  The Rocky Horror Picture Show,
441,Hikari Signature Series,
442,Mystery Vinyl  Hello Kitty,
443,Pocket Pop!  Sanrio,
444,Pop! Vinyl Pop! Sanrio,
445,Vinyl  Say Anything...,
446,Action Figures  Scarface,
447,Dorbz  Scooby-Doo,
448,Vinyl  Seinfeld,
449,Pop! Vinyl Pop! Sesame Street,
450,Vinyl  Shaun of the Dead,
451,Plush  The Simpsons,
452,Wacky Wobbler  The Simpsons,
453,Wacky Wobblers  Other,
454,Action Figures  Son of Zorn,
455,Wacky Wobblers  Sonic the Hedgehog,
456,Wacky Wobbler  Sons of Anarchy,
457,Wacky Wobblers  Sons of Anarchy,
458,Plush  South Park,
459,Wacky Wobbler  South Park,
460,Wacky Wobblers  Speed Racer,
461,Dorbz Stan Lee,
462,Pop! Vinyl Pop! Stan Lee,
463,Vinyl  Stan Lee,
464,Action Figures  Star Trek,
465,Dorbz  Star Trek,
466,Vinyl Star Trek Quogs,
467,Wacky Wobbler  Star Trek,
468,Dorbz Star Wars,
469,Electronics Speakers,
470,Hikari Star Wars,
471,Mystery Minis  The Last Jedi,
472,Mystery Vinyl  Star Wars,
473,Other Funko Lines  Star Wars,
474,Other Funko Lines  Smugglers Bounty,
475,Other POP! Items  Star Wars,
476,Plush  Star Wars,
477,Pop! Buttons  Classic,
478,Pop! Buttons  Episode 7,
479,Pop! Home  Star Wars,
480,Pop! Tees & Apparel  Star Wars,
481,Vinyl  Star Wars,
482,Vinyl Super Shogun,
483,Wacky Wobbler  Star Wars - Monster Mash-ups,
484,Wacky Wobblers  Monster Mash-ups,
485,Mystery Vinyl  Steven Universe,
486,Pocket Pop!  Steven Universe,
487,Action Figures  Stranger Things,
488,Other POP! Items  Stranger Things,
489,Pocket Pop!  Stranger Things,
490,Dorbz Strawberry Shortcake,
491,Mystery Vinyl  Street Fighter,
492,Mystery Vinyl  Supernatural,
493,Plush  Supernatural,
494,Pocket Pop!  Supernatural,
495,Action Figures  Taxi Driver,
496,Dorbz  Teenage Mutant Ninja Turtles,
497,Hikari TMNT,
498,Mystery Vinyl  Teenage Mutant Ninja Turtles,
499,Other POP! Items  Teenage Mutant Ninja Turtles,
500,Pocket Pop!  TMNT,
501,Vinyl  Teenage Mutant Ninja Turtles,
502,Wacky Wobbler  Teenage Mutant Ninja Turtles,
503,Action Figures  Terminator,
504,Action Figures  Terminator 2,
505,Action Figures  Tomorrowland,
506,Hikari Transformers,
507,Action Figures  Trollhunters,
508,Mystery Vinyl  Trollhunters,
509,Plush Trollhunters,
510,Action Figures  Twin Peaks,
511,Pop! Vinyl Pop! UFC,
512,Pop! Vinyl Pop! Uglydoll,
513,Vinyl Ugly Doll,
514,Wacky Wobblers  Under Dog,
515,Action Figures  Universal Monsters,
516,Hikari Universal Monsters,
517,Plush  Universal Monsters,
518,Wacky Wobbler  Universal Monsters,
519,Hikari Voltron,
520,Mystery Minis  Series 4,
521,Mystery Minis  Series 5 - In Memoriam,
522,Mystery Vinyl  The Walking Dead,
523,Plush  The Walking Dead,
524,Pocket Pop!  The Walking Dead,
525,Vinyl The Walking Dead,
526,Vinyl  The Walking Dead,
527,Wacky Wobbler  The Walking Dead,
528,Wacky Wobbler  Looney Tunes,
529,Vinyl  Other,
530,Wacky Wobbler  Where the Wild Things Are,
531,Dorbz  Willy Wonka & the Chocolate Factory,
532,Vinyl  Willy Wonka,
533,Vinyl  Willy Wonka & the Chocolate Factory,
534,Plush  Wizard of Oz,
535,Dorbz  Warcraft,
536,Mystery Vinyl  Warcraft,
537,Mystery Vinyl  WWE,
538,Pocket Pop!  WWE,
539,Wacky Wobbler  The X-Files,
540,Dorbz  The Year Without a Santa Claus,
541,Vinyl  Young Frankenstein,
542,Mystery Minis  Zootopia,
543,Plush  Bananya,
544,Mystery Vinyl  Batman: The Animated Series,
545,Plush  Batman,
546,Plush  Buddy Thunderstruck,
547,Mystery Minis  Afternoon Cartoons,
548,Mystery Minis  Coco,
549,Other POP! Items  Other,
550,Mystery Vinyl  Harry Potter,
551,Plush  Hellboy,
552,Mystery Vinyl  Kingdom Hearts,
553,Plush  Spider-Man,
554,Dorbz Minis  Classic,
555,Mystery Vinyl  NHL,
556,Mystery Vinyl  Stranger Things,
557,Plush  Trollhunters,
558,Plush  Wetmore Forest,
